{
  "name" : "IICS-CLI-2022-06-08T02:35:36Z",
  "sourceOrgId" : "g6GCBtnKaYjdLW0PjjmlIO",
  "sourceOrgName" : "Own1",
  "exportedObjects" : [ {
    "objectGuid" : "51MrbFSAKCSly1BjnOVTSM",
    "objectName" : "odd",
    "objectType" : "Project",
    "path" : "/Explore",
    "metadata" : {
      "modelVersion" : {
        "major" : 0,
        "minor" : 0
      },
      "repoInfo" : null,
      "objectRefs" : [ ],
      "contextAttributes" : [ ],
      "additionalInfo" : {
        "description" : "",
        "contentType" : "Binary",
        "documentState" : "COMPLETE"
      }
    }
  }, {
    "objectGuid" : "9fKwPh1fHt8kebkOzYZ14X",
    "objectName" : "m1",
    "objectType" : "DTEMPLATE",
    "path" : "/Explore/odd",
    "metadata" : {
      "modelVersion" : {
        "major" : 0,
        "minor" : 0
      },
      "repoInfo" : {
        "repoHandle" : "011KUA17000000000007"
      },
      "objectRefs" : [ ],
      "contextAttributes" : [ {
        "name" : "id",
        "value" : "@1"
      } ],
      "additionalInfo" : {
        "description" : "dummy",
        "contentType" : "JSON",
        "documentState" : "INVALID"
      }
    }
  }, {
    "objectGuid" : "6ZZNEc1GAAMhvJNeBAX8gG",
    "objectName" : "m3",
    "objectType" : "DTEMPLATE",
    "path" : "/Explore/odd",
    "metadata" : {
      "modelVersion" : {
        "major" : 0,
        "minor" : 0
      },
      "repoInfo" : {
        "repoHandle" : "011KUA17000000000008"
      },
      "objectRefs" : [ ],
      "contextAttributes" : [ {
        "name" : "id",
        "value" : "@1"
      } ],
      "additionalInfo" : {
        "description" : "dummy m3",
        "contentType" : "JSON",
        "documentState" : "INVALID"
      }
    }
  } ]
}