{
  "name" : "IICS-CLI-2022-06-29T11:13:34Z",
  "sourceOrgId" : "fYqYAW1jjmPcMkMDpAOBSF",
  "sourceOrgName" : "Self",
  "exportedObjects" : [ {
    "objectGuid" : "5nUXySA3iAvd0Gz0N9smWS",
    "objectName" : "Mapping1",
    "objectType" : "DTEMPLATE",
    "path" : "/Explore/Default",
    "metadata" : {
      "modelVersion" : {
        "major" : 0,
        "minor" : 0
      },
      "repoInfo" : {
        "repoHandle" : "011ML817000000000002"
      },
      "objectRefs" : [ ],
      "contextAttributes" : [ {
        "name" : "id",
        "value" : "@1"
      } ],
      "additionalInfo" : {
        "description" : "",
        "contentType" : "JSON",
        "documentState" : "INVALID"
      }
    }
  }, {
    "objectGuid" : "61ZFbsKJGxKc8NrAFIJCAF",
    "objectName" : "Default",
    "objectType" : "Project",
    "path" : "/Explore",
    "metadata" : {
      "modelVersion" : {
        "major" : 0,
        "minor" : 0
      },
      "repoInfo" : null,
      "objectRefs" : [ ],
      "contextAttributes" : [ {
        "name" : "IS_DEF_LOC",
        "value" : "true"
      } ],
      "additionalInfo" : {
        "description" : "Auto-generated Default Project",
        "contentType" : null,
        "documentState" : "COMPLETE"
      }
    }
  } ]
}